Actual_Global_Sales,Predicted_Global_Sales
0.19,0.18028832573374498
0.19,0.19028716651717476
0.02,0.030300232406199702
0.1,0.10029235546861082
0.03,0.03029992903136034
0.23,0.23028442486252534
0.14,0.13029026587204037
0.22,0.22028179163665723
0.03,0.030299876439433087
2.56,2.5600978588161647
0.07,0.07029661568831702
0.03,0.030300232406199702
0.14,0.14029115480285778
0.2,0.20028633379875332
0.22,0.22028477354576498
0.02,0.010301862781757735
0.02,0.020300691627212104
2.08,2.0900975724219655
0.23,0.24027912818333544
0.73,0.7302470500735653
0.48,0.4802585378991787
1.73,1.730159340570487
0.13,0.1302898750827377
0.03,0.02030140356074533
2.68,2.6800616656725365
0.15,0.14028843561463755
0.29,0.29028081735777833
0.41,0.41026487920178945
0.13,0.12029360764972177
0.02,0.02030072668849694
0.12,0.12029145479597719
0.14,0.15028860067394628
0.16,0.16028955948858456
0.12,0.11029296414789826
0.12,0.12029218402140407
0.21,0.2002856274578871
0.16,0.16028888820900317
0.47,0.47025671472914365
1.6,1.590162591235809
0.4,0.41026448841248675
0.09,0.09029317065638984
0.05,0.05029833371708715
0.02,0.02030072668849694
0.01,0.010301506814991122
0.34,0.34027339842783944
0.06,0.06029753605995054
0.01,0.01030152434563354
0.03,0.03029992903136034
0.05,0.05029833371708715
0.19,0.1902846282280457
0.02,0.02030140356074533
0.23,0.23027994337111443
2.7,2.7000831635218083
0.02,0.02030140356074533
0.12,0.12029072509305279
0.01,0.01030152434563354
2.67,2.6700702522733457
0.02,0.020301047593978716
0.38,0.38026113403994977
0.02,0.02030072668849694
0.06,0.06029753605995054
0.04,0.04029941721842068
6.05,6.049751552623865
0.9,0.9002082646571711
0.55,0.5502573824460647
0.02,0.010301506814991122
0.13,0.1302898750827377
0.31,0.31027395314207307
0.22,0.2302813324156448
0.13,0.13029165491657077
0.05,0.05029833371708715
0.2,0.20028636886003817
23.1,23.088523822343117
0.38,0.38026262755208834
0.29,0.2802758674322194
0.04,0.040299131374223744
0.01,0.01030152434563354
0.12,0.12029250492688587
0.76,0.7602392727501347
0.46,0.4502599508258543
0.16,0.16028778548616723
0.25,0.25027871620033204
0.26,0.2502822982750613
0.09,0.10029239052989566
0.16,0.16028955948858456
0.02,0.02030072668849694
0.04,0.04029831449558476
0.03,0.04029831449558476
0.01,0.010301862781757735
0.07,0.060297430876096035
0.3,0.30027386379800103
0.02,0.02030072668849694
0.14,0.150289364960658
0.09,0.09029569724629222
0.65,0.650251249760937
1.33,1.3401946577389983
1.24,1.2401676023978454
3.19,3.1900478693761953
0.52,0.5202540974798511
0.02,0.020301047593978716
0.03,0.03029992903136034
0.45,0.45025590664550896
0.21,0.2002878333810565
0.22,0.22028179163665723
4.25,4.249892995419392
0.34,0.34027560387351125
0.53,0.5202526736127846
0.06,0.050298246063875056
0.47,0.47026299993033843
0.06,0.05029860203064167
0.14,0.14029233324093035
0.87,0.8702166398960387
0.13,0.13028990990527375
0.03,0.03029992903136034
0.06,0.06029753605995054
0.34,0.34027560387351125
2.78,2.7800328523403794
0.29,0.2902786820346762
0.07,0.07029586893224771
1.66,1.6601435064095185
2.35,2.350114023254242
0.52,0.5302507557021697
0.25,0.25028507636412206
0.57,0.5702509849736476
0.34,0.3402752016601258
0.05,0.04029941721842068
0.48,0.48026125657350627
0.84,0.8402311521108071
0.18,0.18028651107737584
0.19,0.19028501877859966
0.02,0.02030072668849694
0.19,0.18028651107737584
0.34,0.3502694143616969
0.07,0.07029661568831702
0.07,0.07029673840281396
0.23,0.2302810112714143
0.02,0.02030072668849694
0.47,0.4602655352984686
0.03,0.03029992903136034
0.13,0.13028990990527375
0.38,0.39027156275715225
0.02,0.02030072668849694
0.04,0.03030094433973293
0.07,0.07029673840281396
0.21,0.2202843530490957
0.23,0.2302818985113717
0.35,0.34027197456077296
0.26,0.26027986126797975
0.22,0.23028065530464767
0.92,0.9202180076875022
0.05,0.06029632815326011
0.04,0.040299131374223744
1.04,1.0402113237488453
1.41,1.410158241556414
0.05,0.05029833371708715
0.55,0.5502610115200542
0.06,0.06029632815326011
0.02,0.02030072668849694
0.05,0.05029833371708715
0.17,0.1702866491541577
0.46,0.47026560758939573
1.54,1.5301800977813529
0.18,0.1802862775863574
0.13,0.12029360764972177
0.18,0.18028725783344515
11.52,11.519348444175026
1.55,1.5601519957684378
0.09,0.09029317065638984
0.63,0.6302522845721502
1.6,1.5901812162420152
0.42,0.43026463203934606
0.09,0.09029395271249274
0.13,0.12029360764972177
1.2,1.200193654095015
0.17,0.16028778548616723
0.06,0.06029632815326011
1.43,1.4301760423214698
0.11,0.1002948820585132
0.13,0.13029279246194275
3.45,3.4499528964510118
0.22,0.21028374436980823
0.09,0.09029317065638984
0.2,0.21028260682443622
0.33,0.33027531050703857
0.03,0.03029992903136034
0.3,0.30028203350299076
0.2,0.20028713897816564
0.49,0.4902632368030768
0.24,0.24028303798635242
0.02,0.02030072668849694
0.08,0.08029434181093546
0.18,0.1802894284565809
0.03,0.04029760256205153
0.3,0.3102765211021736
0.01,0.01030152434563354
2.35,2.3501063922887053
1.35,1.3401772160836805
0.07,0.07029673840281396
1.02,1.0302221863589982
0.45,0.4502666716304781
0.06,0.06029753605995054
0.11,0.10029377933567728
0.2,0.2002856274578871
0.04,0.040299131374223744
0.4,0.4002637752655911
0.17,0.1702866491541577
0.27,0.26027924281907444
0.15,0.15028860067394628
0.05,0.050298246063875056
3.88,3.869922678188837
0.06,0.07029732762185024
0.08,0.08029398584416886
0.15,0.1502893126074795
20.61,20.61866129208703
0.03,0.030299876439433087
0.17,0.1702869296444364
0.26,0.260283618887882
1.64,1.640166299400561
0.12,0.13028990990527375
0.32,0.32027687828230267
0.92,0.920199323302958
0.06,0.060297430876096035
0.4,0.4002707823919093
0.03,0.04029941721842068
1.51,1.5002013747607843
0.13,0.13029195245999436
0.87,0.880225323601944
0.01,0.01030152434563354
0.31,0.3102684336964778
0.02,0.02030140356074533
0.96,0.9602259908413676
0.09,0.09029569724629222
0.08,0.08029594074567735
3.46,3.449998323570163
0.11,0.11029292932536218
0.3,0.30027815269109404
0.36,0.3602740083204893
0.03,0.03029992903136034
0.01,0.010301506814991122
0.39,0.4002696100240012
0.23,0.23028397588862837
0.03,0.04029941721842068
0.04,0.04029906125165407
1.08,1.090180507086779
0.14,0.1402893226158462
2.38,2.380079168341849
0.21,0.20028381280151797
0.31,0.31027808425938436
1.56,1.5601534271745567
0.05,0.04029906125165407
0.01,0.01030152434563354
0.03,0.020300691627212104
0.14,0.13028984026020163
0.26,0.25029084147746006
0.15,0.1502904501528515
0.67,0.670247781808054
0.02,0.020300691627212104
0.2,0.1902886132688019
0.1,0.1002948820585132
0.13,0.12029360764972177
0.19,0.19028716651717476
0.53,0.5302481594671952
0.16,0.16028746434193672
0.07,0.060297430876096035
0.12,0.11029406687073418
0.1,0.10029235546861082
0.33,0.32027381506529123
0.21,0.2102848122701081
1.21,1.2101972149760436
0.2,0.20028630456888424
0.04,0.04029795852881815
0.21,0.2102848122701081
0.03,0.030300232406199702
0.06,0.06029753605995054
0.81,0.8102387487374999
0.01,0.010301862781757735
0.12,0.12029214896011925
0.08,0.07029693683254755
0.01,0.01030152434563354
1.4,1.4001897743537302
0.08,0.08029594074567735
0.02,0.02030140356074533
0.23,0.2302813324156448
0.03,0.030300588372966314
0.03,0.04029831449558476
0.31,0.3102737778356489
0.26,0.25028443407566103
0.13,0.13029195245999436
0.13,0.1302898750827377
0.27,0.2702806678995033
0.12,0.12029360764972177
0.78,0.7802387025334707
0.05,0.05029895799740828
3.07,3.0800125799751448
1.05,1.0502139221157822
0.02,0.02030072668849694
0.43,0.43026752042743077
0.02,0.020300691627212104
0.54,0.5402515462355433
0.59,0.600247080720708
0.09,0.08029505374446869
0.02,0.02029923293760957
0.16,0.16028383502919843
0.08,0.07029515699871448
4.7,4.709852967427579
0.16,0.16028772730157298
0.03,0.03029992903136034
0.12,0.12029072509305279
0.37,0.3602679223016695
0.02,0.02030072668849694
0.01,0.010301506814991122
4.61,4.609937338903484
0.13,0.13028990990527375
0.19,0.18028651107737584
0.2,0.2002827449012181
0.12,0.12029072509305279
0.99,0.9902218350892698
0.1,0.1002948820585132
0.17,0.16028888820900317
0.04,0.040299131374223744
1.15,1.1602002753678176
0.66,0.6502437167153462
2.38,2.3801186132944507
0.41,0.41026526999109214
0.2,0.2002845366730266
0.02,0.020301047593978716
0.98,0.9902036544192884
0.11,0.11029225221436503
0.06,0.060297430876096035
0.08,0.08029594074567735
0.27,0.28027632322892226
0.23,0.22028075855889348
0.04,0.040299131374223744
0.53,0.5302535337912305
0.01,0.010301506814991122
0.05,0.060297396053559965
0.11,0.1102944228375008
0.05,0.04029977318518729
0.23,0.23028437274809557
0.69,0.690236592682976
0.02,0.020301047593978716
1.1,1.1002145797177443
3.79,3.779939905039333
0.15,0.15028829706035815
0.16,0.17028636354870952
0.04,0.040299131374223744
0.22,0.22028072373635738
0.37,0.3702691443146928
0.11,0.11029406687073418
2.81,2.810061174591019
0.09,0.10029306740214405
4.35,4.3498734437708295
0.05,0.050298246063875056
2.7,2.700075813358089
0.06,0.050298246063875056
2.1,2.1001282064285203
0.59,0.5802501697858685
0.04,0.040299131374223744
1.55,1.550154911695532
0.01,0.010301862781757735
1.25,1.2501794199208294
0.03,0.030300232406199702
0.41,0.4102684040469195
0.06,0.060298142809629265
0.2,0.2002856274578871
0.23,0.24028272267353765
0.56,0.5702509849736476
0.22,0.22028752192745912
0.35,0.3602686344739515
0.37,0.3602751110433252
0.45,0.45026332863943425
0.39,0.390264555630834
0.18,0.18028520992480632
0.06,0.050298246063875056
0.03,0.030300232406199702
0.25,0.25028151669645593
0.22,0.22028075855889348
0.14,0.14029115480285778
0.24,0.2402845373299068
0.44,0.45026300749520376
0.02,0.02030140356074533
0.2,0.1902886132688019
0.98,0.9802092016426417
1.03,1.0402039017185252
0.02,0.02030072668849694
0.01,0.010301862781757735
0.02,0.02030072668849694
0.01,0.010301862781757735
1.46,1.460182000670387
0.05,0.04029941721842068
0.06,0.06029632815326011
0.06,0.060297396053559965
0.16,0.16028778548616723
0.15,0.1602896001425364
0.08,0.07029661568831702
0.16,0.1602863616191008
0.14,0.14028909471749476
0.03,0.030300232406199702
0.01,0.010301862781757735
1.45,1.4501792384575038
0.05,0.05029860203064167
0.2,0.2002870165024175
0.1,0.10029306740214405
1.99,1.9901397643023553
0.1,0.10029235546861082
0.14,0.13029133377234023
0.17,0.16028778548616723
0.83,0.8302308928142291
0.05,0.05029643140750591
0.09,0.09029317065638984
0.04,0.04029906125165407
0.2,0.2002870165024175
0.11,0.11029354777426756
0.14,0.1402893226158462
1.66,1.6601386518981962
0.46,0.45025510658126605
0.79,0.7902391602597824
0.06,0.05029895799740828
0.03,0.03029992903136034
0.09,0.09029514308854075
1.39,1.4001859464089046
0.57,0.5702496655741894
0.1,0.10029434543140416
0.19,0.19028716651717476
0.02,0.010301506814991122
0.04,0.040299131374223744
0.42,0.4102713910711967
0.09,0.09029423855668968
0.12,0.1102907935247625
0.09,0.09029349180062037
0.1,0.10029235546861082
0.65,0.6602454629400055
0.04,0.04029906125165407
0.04,0.040299131374223744
0.75,0.7602391203646665
0.13,0.13028990990527375
0.07,0.07029670334152911
0.1,0.10029434543140416
1.8,1.8000169275624223
0.04,0.04029795852881815
1.68,1.6701514594575047
0.01,0.010301862781757735
0.13,0.13028990990527375
0.07,0.07029673840281396
0.02,0.02030072668849694
0.22,0.21028623613717454
0.04,0.04029831449558476
0.6,0.6102514061271971
0.24,0.2402845373299068
0.02,0.02030072668849694
0.4,0.41026345533472297
0.11,0.10029377933567728
0.61,0.600256370679176
3.02,3.020069565304436
0.07,0.07029693683254755
0.05,0.05029785527457236
0.22,0.22028179163665723
0.03,0.03030094433973293
0.09,0.09029514308854075
0.07,0.07029732762185024
0.22,0.22028360629302637
4.12,4.119966622413597
0.05,0.05029785527457236
0.02,0.02030072668849694
0.1,0.10029235546861082
0.37,0.3702680703078334
0.1,0.10029271143537744
0.03,0.030299876439433087
0.31,0.31027660851663696
0.15,0.16028778548616723
0.25,0.25028345382857325
0.32,0.3302655311230754
0.51,0.5102533146878833
0.63,0.6202436356887808
0.05,0.05029833371708715
0.1,0.10029342336891066
0.13,0.12029074262369521
0.05,0.05029860203064167
0.02,0.02030072668849694
1.35,1.3501872442223437
0.08,0.08029505374446869
0.03,0.020300691627212104
0.2,0.2002845074431575
0.04,0.04029831449558476
4.76,4.7498874086655976
0.11,0.11029354777426756
0.05,0.05029860203064167
0.05,0.05029860203064167
0.04,0.04029831449558476
2.9,2.9000720805755638
0.06,0.06029632815326011
0.37,0.38026584902237903
0.03,0.03029992903136034
1.76,1.760161096963277
0.13,0.13028990990527375
2.88,2.88005650135433
0.04,0.040299131374223744
0.36,0.3702701652157324
0.16,0.1502911620863847
0.09,0.09029317065638984
0.01,0.010301862781757735
1.27,1.2801780773190772
0.06,0.06029753605995054
0.19,0.18028832573374498
0.15,0.14028909471749476
0.07,0.07029732762185024
2.62,2.61008035363936
0.04,0.040299131374223744
0.03,0.030300232406199702
0.13,0.13029195245999436
0.23,0.23028353786131667
0.45,0.46025922281378995
0.15,0.15028863549648236
0.21,0.21028299761373892
0.16,0.16028751693386398
0.13,0.13029195245999436
0.03,0.03029992903136034
2.11,2.110099762286222
0.06,0.07029515699871448
0.31,0.3102775946315356
0.01,0.01030152434563354
0.21,0.22028218242595993
0.22,0.21028833711523814
0.17,0.1602896001425364
0.08,0.08029505374446869
0.36,0.3502759262311042
0.06,0.050298246063875056
0.11,0.11029260818113165
0.09,0.09029317065638984
0.12,0.11029296414789826
0.7,0.7002502075704354
0.17,0.17028807302122415
0.5,0.5102538447673303
0.11,0.11029354777426756
1.27,1.2701845274030403
0.06,0.060297786842862654
0.96,0.9602147537955873
1.76,1.7501477160443333
0.11,0.11029354777426756
0.05,0.05029895799740828
0.13,0.13029279246194275
0.03,0.03029992903136034
0.53,0.5302535337912305
2.62,2.6201107412900435
0.18,0.18028583396637868
0.02,0.02030140356074533
0.01,0.01030152434563354
0.12,0.12029275011713095
0.02,0.02030072668849694
0.21,0.20028437889724485
1.92,1.9201579513832057
0.16,0.1502906429899181
0.19,0.19028498395606358
0.11,0.11029260818113165
0.11,0.11029171558725599
0.22,0.2302822194168535
0.02,0.02030072668849694
0.36,0.3502715849848327
0.33,0.33027499543297256
0.15,0.1502904153303154
0.03,0.03029992903136034
0.33,0.3302757772503267
0.66,0.6602319439442801
0.03,0.030299876439433087
0.11,0.11029189624759841
0.1,0.10029377933567728
0.17,0.17028876183144798
0.38,0.39027042521178024
0.04,0.040299131374223744
0.7,0.7002414554328202
0.24,0.2502808047629227
0.24,0.24028233188423498
0.07,0.07029768358861686
0.29,0.28027694750924337
0.06,0.060297430876096035
0.11,0.11029354777426756
0.04,0.04029831449558476
0.08,0.09029352662315646
0.01,0.01030152434563354
0.06,0.06029632815326011
5.13,5.129888863634047
0.57,0.5602537197629015
0.03,0.04029941721842068
0.07,0.07029693683254755
0.16,0.16028817627546996
0.38,0.3702731931327103
0.1,0.10029235546861082
0.25,0.2502819074857586
0.41,0.4202599509048391
0.05,0.05029833371708715
0.13,0.12029033430375008
0.16,0.16028778548616723
0.32,0.32027726907160536
0.48,0.4902651907131951
0.04,0.040299131374223744
0.09,0.09029352662315646
0.19,0.2002856274578871
2.8,2.8000553657003766
1.36,1.3501872610367398
0.03,0.030299876439433087
0.08,0.08029434181093546
1.65,1.6601669311863811
0.02,0.02030140356074533
1.77,1.7601555317849553
0.7,0.7002397452440594
0.02,0.020300691627212104
14.64,14.639036799365588
0.41,0.41025836733238213
0.19,0.18028690186667853
0.03,0.03029992903136034
0.06,0.06029632815326011
0.14,0.14028909471749476
0.27,0.27028024228766456
0.02,0.02030140356074533
6.67,6.669747846723184
0.08,0.08029594074567735
0.12,0.11029266077305891
0.1,0.10029434543140416
0.08,0.09029317065638984
0.03,0.03029992903136034
0.47,0.47025674955167973
0.15,0.16028846259716442
0.79,0.7902348482069848
2.92,2.9200561183198572
0.03,0.030298773716597165
0.26,0.26028116242054933
0.08,0.09029317065638984
0.16,0.15028829706035815
5.65,5.659739972385842
0.03,0.030300232406199702
0.55,0.5502584508602573
2.39,2.3900952911957334
0.09,0.09029514308854075
0.08,0.09029317065638984
0.17,0.18028722301090905
0.07,0.07029673840281396
1.86,1.8601372477252198
0.3,0.3002734206555199
0.35,0.34027197456077296
0.07,0.08029505374446869
0.24,0.24028339978453478
0.05,0.050298246063875056
0.03,0.03029992903136034
0.08,0.08029398584416886
0.61,0.6002541226695622
0.27,0.26027924281907444
0.97,0.9602065553018309
0.11,0.11029354777426756
0.08,0.08029594074567735
0.13,0.13029279246194275
0.03,0.030299876439433087
0.57,0.5702579224548937
0.3,0.31027808425938436
0.74,0.7302348030369352
0.33,0.3402687360373373
0.84,0.8302369790717976
0.43,0.44026100977138594
0.12,0.11029332011466489
0.07,0.07029673840281396
0.95,0.9502164133478427
0.05,0.050298619561284084
5.42,5.419793625529246
1.41,1.4201640859858387
0.28,0.2802799876029454
0.12,0.1202911687130315
0.07,0.07029673840281396
0.08,0.08029469777770208
0.05,0.04029977318518729
0.11,0.10029352855276516
0.02,0.02030072668849694
0.6,0.6002554768915566
0.06,0.06029753605995054
0.28,0.28027476470938345
0.03,0.03029992903136034
0.01,0.01030152434563354
0.07,0.08029398584416886
0.16,0.1602896001425364
0.06,0.06029753605995054
0.08,0.08029651243407122
0.11,0.11029225221436503
0.14,0.14029087455132783
0.67,0.6702501265438702
0.07,0.07029732762185024
14.24,14.238929739248064
0.63,0.6202484025468912
0.31,0.3102777631151538
0.46,0.4602656297744866
0.06,0.06029753605995054
1.68,1.6701549847801322
0.03,0.03029992903136034
0.4,0.4002670834340989
0.02,0.02030140356074533
2.4,2.400110129719721
0.24,0.2502819074857586
1.93,1.9301325125848638
0.12,0.11029221739182896
0.56,0.5602537541079401
0.13,0.13029168973910685
0.48,0.48025774902026985
0.05,0.05029714334103913
0.09,0.10029271143537744
0.03,0.03030094433973293
0.27,0.28026921627266776
2.32,2.310117407949994
0.38,0.3902692584729343
0.24,0.2302835030387806
0.38,0.3802783597348915
0.11,0.1002948820585132
0.44,0.44026784278502373
0.04,0.04029906125165407
0.06,0.06029632815326011
0.03,0.03029992903136034
1.2,1.2002066031463783
13.46,13.46911832139228
0.96,0.9601998040735943
0.01,0.010301506814991122
0.2,0.2002852714911205
0.19,0.19028716651717476
0.05,0.05029895799740828
0.36,0.36027075250516
0.09,0.10029235546861082
0.55,0.5502489860364673
0.45,0.4502605505503735
0.06,0.06029753605995054
7.84,7.839631486510984
0.63,0.6302450607692097
0.39,0.38027383663453374
0.12,0.12029360764972177
1.23,1.2302057908264263
0.06,0.060297040086793346
0.02,0.02030072668849694
2.03,2.020095065751241
0.14,0.1402911022109305
0.23,0.23028279110524735
0.01,0.01030152434563354
0.09,0.09029569724629222
0.23,0.23028397588862837
3.52,3.5300051675853528
1.15,1.1502473409632077
0.42,0.43026752042743077
0.07,0.07029480103194786
0.11,0.11029154028083181
0.03,0.030299876439433087
0.07,0.07029661568831702
0.18,0.19028349044392495
0.61,0.6102485581543154
0.02,0.02030140356074533
0.03,0.02030072668849694
0.49,0.5002570472548674
0.09,0.09029317065638984
4.83,4.8298293209559695
0.03,0.03029992903136034
0.09,0.09029514308854075
5.99,5.979713210698409
0.27,0.270280785260082
0.78,0.7802403430771595
0.19,0.19028613927082677
0.03,0.03029992903136034
0.43,0.4402652465500493
0.22,0.21028420552042937
0.31,0.3102775946315356
0.14,0.14029115480285778
0.24,0.23028392865061936
0.19,0.20028520184604837
0.11,0.11029292932536218
0.32,0.32027324896956433
0.4,0.4102687948362222
0.21,0.21028260682443622
0.2,0.19028590601855708
0.04,0.040299131374223744
0.94,0.9302283378049075
1.47,1.470167832858157
0.03,0.03029992903136034
0.05,0.06029632815326011
0.19,0.19028716651717476
0.08,0.08029505374446869
1.06,1.070215062087879
0.01,0.01030152434563354
4.03,4.039987495548148
0.26,0.2602815829172186
0.08,0.08029647761153516
0.17,0.1702902436443599
0.07,0.06029753605995054
0.12,0.1302898750827377
0.42,0.4302668433164336
0.09,0.09029514308854075
0.67,0.6702467835528264
0.06,0.06029753605995054
0.07,0.07029693683254755
0.04,0.04029906125165407
0.25,0.26027791854319543
0.12,0.12029360764972177
0.07,0.07029673840281396
0.04,0.040300485118720523
0.05,0.05029860203064167
0.06,0.06029753605995054
0.08,0.08029651243407122
0.24,0.24027948415010203
0.08,0.08029594074567735
0.5,0.5002548766317316
0.06,0.060297786842862654
0.06,0.050298246063875056
0.02,0.02030072668849694
0.08,0.08029647761153516
0.04,0.04029906125165407
0.53,0.5302527522126251
0.05,0.060295616219726886
0.23,0.23028397588862837
0.13,0.13028990990527375
0.02,0.02030072668849694
0.11,0.1002948820585132
0.2,0.20028636886003817
0.07,0.07029673840281396
0.06,0.060298142809629265
0.04,0.040299131374223744
0.32,0.32027324896956433
0.17,0.1602896001425364
0.02,0.020301047593978716
0.03,0.03029992903136034
2.79,2.7900798410660266
0.17,0.1702855464313218
0.4,0.4002704157173062
0.39,0.4002646264892686
0.05,0.04029941721842068
0.03,0.020301047593978716
0.04,0.04029941721842068
0.06,0.060298142809629265
0.18,0.18028832573374498
1.58,1.5801821429225624
0.12,0.12029072509305279
0.13,0.12029072509305279
0.04,0.030300588372966314
0.23,0.24028233188423498
0.08,0.08029651243407122
0.56,0.55025275463935
0.05,0.05029714334103913
0.24,0.2402845373299068
0.07,0.07029480103194786
0.03,0.03030094433973293
11.98,11.98916579906369
0.3,0.3002292266141992
0.44,0.4402672250887598
0.16,0.15028934743001557
0.1,0.10029377933567728
0.01,0.01030152434563354
0.06,0.06029753605995054
0.23,0.24028233188423498
0.32,0.3202750636259335
0.45,0.45026809549754454
0.2,0.20028744211425625
4.77,4.779921043676263
0.5,0.5002495719527684
0.01,0.01030152434563354
0.1,0.10029055834288408
0.08,0.08029398584416886
0.01,0.01030152434563354
0.63,0.6302482644701093
0.04,0.040299131374223744
0.15,0.15029035714572114
0.29,0.2902753385661348
0.12,0.12029325168295517
0.17,0.1702866491541577
1.61,1.6101664050681075
0.03,0.04029831449558476
0.3,0.3102740641573434
0.22,0.2202799945109305
0.17,0.170286258364855
0.02,0.02030140356074533
0.02,0.010301506814991122
0.03,0.04029831449558476
0.18,0.19028644264566613
0.58,0.5802574284113452
0.17,0.1702881957357211
0.03,0.030300232406199702
0.27,0.27027975801373394
0.29,0.29027711256855215
1.55,1.5501670068241906
0.35,0.35027482350826833
0.08,0.08029651243407122
1.22,1.2201750843462098
0.04,0.040299131374223744
2.43,2.4401131124152724
0.07,0.07029673840281396
2.62,2.620081529608118
0.01,0.010301506814991122
0.16,0.16028814145293388
0.23,0.2402813460444802
0.04,0.030299876439433087
0.15,0.15028827952971574
0.93,0.9402309642079696
2.21,2.210100632053346
0.07,0.07029673840281396
0.11,0.11029406687073418
0.51,0.5102621364705706
0.56,0.5702567500869856
0.15,0.15029035714572114
4.25,4.239943017210741
0.13,0.13029195245999436
0.19,0.18028651107737584
0.58,0.5802483142367988
1.85,1.850147645299721
0.82,0.8202261247427564
0.93,0.9302299299168433
0.03,0.030299876439433087
0.13,0.13029195245999436
0.39,0.3902685871933529
3.44,3.4399953105379732
0.23,0.23028029933788108
0.03,0.03030094433973293
0.36,0.3702680703078334
0.04,0.040299131374223744
2.11,2.1101238497835686
0.05,0.04029906125165407
0.16,0.15029077129708204
0.04,0.04030012915195391
0.88,0.8702306845722879
1.15,1.1502092525191805
0.02,0.02030072668849694
0.08,0.08029651243407122
0.28,0.2802758674322194
1.27,1.270202890643354
0.07,0.07029586893224771
0.27,0.2702766826199984
0.14,0.1502867860175771
0.3,0.30027423705666134
0.01,0.010301506814991122
0.48,0.4702634780977093
0.11,0.12029072509305279
0.36,0.3602699419718295
1.46,1.4601557372323821
0.08,0.08029505374446869
0.33,0.3202710610545349
0.31,0.3102740641573434
0.56,0.5602569578088396
0.91,0.9202146221325165
1.66,1.6501533420484673
0.18,0.18028796417431137
0.05,0.05029643140750591
0.07,0.07029673840281396
0.15,0.15028934743001557
0.21,0.2002812165665434
0.02,0.02030072668849694
0.02,0.02030072668849694
0.14,0.14029087455132783
0.54,0.5402592485173938
0.11,0.1102944228375008
0.09,0.090293847767387
0.06,0.06029632815326011
0.13,0.1302898750827377
0.3,0.30027566092372776
1.24,1.250188475433284
0.04,0.030300232406199702
0.84,0.8402252759458037
0.23,0.23028353786131667
0.06,0.06029753605995054
0.13,0.13029195245999436
6.34,6.329753155954415
0.1,0.10029271143537744
0.02,0.02030140356074533
0.04,0.05029749930780575
0.98,0.9802173933135923
0.19,0.19028501877859966
1.16,1.1702027927019945
0.14,0.140290180148437
0.01,0.010301862781757735
3.64,3.6499352691357996
0.07,0.07029673840281396
0.03,0.03029992903136034
0.05,0.050298246063875056
0.16,0.16028746434193672
3.08,3.080055682037861
0.1,0.10029271143537744
0.02,0.010301862781757735
0.02,0.02030072668849694
0.22,0.22028399708232907
0.17,0.1702860075819429
0.05,0.05029833371708715
0.08,0.08029469777770208
1.75,1.7401714098313779
0.01,0.01030152434563354
0.31,0.32027687828230267
0.04,0.040299131374223744
0.4,0.4002707475693732
0.35,0.3602714120855147
0.06,0.060297430876096035
0.19,0.19028716651717476
0.14,0.13029280999258516
0.28,0.29027270119971094
0.2,0.19028507137052691
0.19,0.19028501877859966
0.07,0.07029673840281396
0.08,0.08029651243407122
0.41,0.4102696180601696
0.05,0.05029833371708715
0.02,0.020301047593978716
0.03,0.03029992903136034
0.27,0.270280785260082
0.24,0.2402799104781871
1.06,1.0702042863586785
0.06,0.060297786842862654
0.44,0.4402559217690451
0.49,0.4902651907131951
0.25,0.25028005800685343
0.29,0.2902753385661348
0.08,0.07029775371118653
1.09,1.0802161737654834
0.06,0.07029515699871448
0.15,0.15029035714572114
1.21,1.2102039733022298
0.06,0.07029480103194786
0.03,0.03029992903136034
2.22,2.2301138861172367
0.15,0.1502911620863847
0.09,0.09029530645698952
0.26,0.27028039982469754
0.23,0.24027912818333544
0.33,0.3402691616491761
0.81,0.8102342857317265
0.02,0.02030072668849694
0.04,0.040299131374223744
0.12,0.11029406687073418
0.02,0.010301506814991122
0.37,0.38026590089806
1.51,1.5101748603207366
0.24,0.23028172320494752
0.04,0.040299131374223744
0.83,0.8302157680973509
0.05,0.04029906125165407
0.51,0.5102462135994397
0.04,0.040299131374223744
0.14,0.14029087455132783
0.38,0.38026696879835986
0.41,0.4102696180601696
0.11,0.11029406687073418
0.71,0.7102456883460716
0.32,0.3202728932415465
0.11,0.11029354777426756
0.03,0.030300232406199702
0.47,0.46026157972633025
2.68,2.680075184668262
0.13,0.13028916314920447
0.4,0.4002707475693732
0.98,0.9702059263670612
0.44,0.44026784278502373
0.17,0.1702866491541577
0.57,0.5702549354306164
0.06,0.06029753605995054
0.02,0.020300691627212104
0.73,0.7302364484570447
0.09,0.09029514308854075
0.2,0.2002931375825221
0.05,0.050298246063875056
0.18,0.18028725783344515
0.09,0.09029514308854075
3.65,3.650027820329698
0.31,0.3102737778356489
0.8,0.8002333386163148
0.13,0.13028990990527375
0.06,0.06029632815326011
0.25,0.25028238057435515
0.36,0.3602736063458526
0.08,0.08029505374446869
2.5,2.510102772057982
1.52,1.520132203568859
0.05,0.05029833371708715
1.76,1.7601426720580453
0.47,0.47025952764074047
0.14,0.1302909778055736
0.05,0.05029643140750591
0.08,0.07029732762185024
0.03,0.03029992903136034
0.03,0.030300232406199702
1.82,1.810154773014768
0.11,0.11029154028083181
0.29,0.29027763166501874
0.71,0.7102493923826564
0.1,0.1002941353024439
0.76,0.7602322766067969
0.06,0.06029753605995054
0.18,0.18028617264125163
0.54,0.540250157191013
0.15,0.15029035714572114
0.89,0.8902340598997769
0.08,0.08029651243407122
0.08,0.08029651243407122
0.22,0.23028029933788108
1.11,1.1102137404152659
0.32,0.320276796974399
21.4,21.38813904927159
1.13,1.1302091804473835
0.07,0.07029661568831702
0.11,0.11029406687073418
0.06,0.060297396053559965
0.02,0.020300691627212104
0.64,0.6402449173385097
0.2,0.1902860866788995
0.02,0.030300232406199702
0.01,0.010301862781757735
0.17,0.1602896001425364
0.71,0.7102331649429423
0.09,0.09029423855668968
0.2,0.21028230321084812
0.01,0.010301862781757735
0.49,0.4902608497056723
0.02,0.02030072668849694
0.16,0.1602867175858674
0.1,0.10029377933567728
0.77,0.7702374593071281
0.65,0.6502489440078313
0.04,0.040299131374223744
0.3,0.3002745233783558
0.02,0.02030072668849694
0.04,0.040300485118720523
1.76,1.760138903455163
0.31,0.31027765864754564
0.28,0.28027985271172423
1.67,1.6701691804093572
0.3,0.30027423705666134
0.02,0.010301862781757735
0.01,0.010301506814991122
2.99,3.0000118678488046
0.27,0.26027924281907444
0.72,0.7202441663035338
0.06,0.05029895799740828
0.24,0.24028317823149176
0.04,0.030299876439433087
0.05,0.05029833371708715
0.15,0.15028827952971574
0.04,0.04029906125165407
0.03,0.02030140356074533
0.09,0.10029377933567728
0.53,0.5302404055848077
0.97,0.9702255316203553
0.05,0.06029632815326011
0.03,0.020300691627212104
0.5,0.49025825323194905
0.02,0.010301506814991122
0.23,0.230282114232999
0.36,0.36027044913032064
0.25,0.26028105747544356
0.39,0.3902712133744428
0.02,0.02030072668849694
0.07,0.08029398584416886
0.13,0.13029168973910685
0.19,0.1902824748968036
6.73,6.729652695656555
0.42,0.4202670870545675
0.13,0.13029133377234023
0.86,0.8602337234890226
0.14,0.1402883830227103
0.14,0.1402901626177946
0.08,0.08029594074567735
0.01,0.01030152434563354
0.07,0.07029673840281396
4.19,4.18993512533675
0.02,0.02030072668849694
0.05,0.040300485118720523
0.06,0.06029753605995054
0.11,0.11029154028083181
5.53,5.51977534832871
0.22,0.22028328514879583
1.0,1.0002081006302843
0.06,0.06029632815326011
0.05,0.04029906125165407
0.05,0.05029895799740828
0.94,0.9402240269654722
0.02,0.010301862781757735
0.06,0.06029956667669572
1.04,1.0402187225830661
0.59,0.5802461845063637
0.06,0.06029753605995054
0.02,0.020300691627212104
0.05,0.05029833371708715
0.05,0.05029860203064167
0.13,0.13028990990527375
1.17,1.1701890153843046
0.75,0.7502311887687484
0.13,0.1302909778055736
0.7,0.7002361855763931
1.0,1.0002202161909661
0.35,0.35027440400298915
0.06,0.050298246063875056
0.52,0.5302535337912305
0.03,0.030300232406199702
0.19,0.20028306604544865
0.95,0.9502246005834749
0.13,0.13029168973910685
0.15,0.15028827952971574
0.56,0.5602581722995872
0.73,0.7302440930317984
0.14,0.14029087455132783
0.37,0.3702680703078334
0.06,0.06029753605995054
0.11,0.11029296414789826
0.18,0.18028796417431137
1.97,1.9701324209872553
0.05,0.04029907878229649
0.63,0.6301905977160771
0.91,0.9102439497229096
0.04,0.05029785527457236
1.0,1.0002155759323834
1.1,1.090198001334024
0.81,0.8002396294101767
0.06,0.05029860203064167
0.37,0.37026771457981544
1.21,1.210168753117526
0.03,0.020301047593978716
0.04,0.04029977318518729
0.43,0.44026832146628736
0.32,0.3102737778356489
0.06,0.07029586893224771
0.13,0.13029195245999436
0.09,0.09029317065638984
0.09,0.08029651243407122
0.3,0.30027839228867215
0.64,0.6302461634920457
0.3,0.3102751668801793
0.66,0.6502487180194699
0.02,0.010301862781757735
0.59,0.5902534791677388
2.2,2.2001236229798478
0.1,0.1002948820585132
0.21,0.22028399708232907
1.39,1.4001679393377109
3.69,3.689945047982899
0.81,0.8102383579481973
1.63,1.6301574557337397
0.16,0.16028746434193672
2.47,2.47007724079841
0.02,0.02030072668849694
0.19,0.18028832573374498
0.55,0.550258484930152
0.34,0.3502751794750349
5.08,5.079885355019983
0.01,0.010301506814991122
0.23,0.2302813324156448
3.36,3.3600363566927878
0.11,0.11029296414789826
0.03,0.03029992903136034
0.25,0.25027872155425024
0.27,0.27028024228766456
0.33,0.34027286156198167
0.19,0.18028651107737584
0.26,0.25027827817302034
4.85,4.839913647217679
0.06,0.05030002589770813
0.11,0.1202935728271857
0.01,0.01030152434563354
0.91,0.9002262195775398
0.11,0.11029354777426756
0.1,0.1002948820585132
2.06,2.060128562179509
0.08,0.08029651243407122
0.44,0.44026784278502373
0.36,0.3502759262311042
0.43,0.4402644589012793
0.06,0.06029668412002673
0.04,0.04029906125165407
0.21,0.2102848122701081
0.01,0.010301862781757735
0.35,0.35027440400298915
1.86,1.8601324189634432
0.03,0.030300232406199702
0.35,0.34027197456077296
0.1,0.09029317065638984
0.23,0.24027984011686868
0.03,0.030298773716597165
0.04,0.040299131374223744
0.15,0.15029035714572114
0.03,0.03030094433973293
0.27,0.27027515428532367
0.13,0.13029279246194275
0.19,0.19028716651717476
2.89,2.8900442497724366
0.14,0.14029115480285778
0.02,0.010301506814991122
0.39,0.3902675426551112
1.98,1.990143766910149
1.26,1.2701936780713639
0.47,0.4702613771196458
0.19,0.18028654589991192
0.13,0.14028905989495868
3.28,3.2899963024298313
2.07,2.0801346201650457
0.09,0.09029542893273769
0.79,0.7902250454609633
0.04,0.040299131374223744
0.02,0.020301047593978716
0.26,0.26028105747544356
0.34,0.33027179149332425
2.0,2.000102416867113
0.02,0.02030072668849694
0.34,0.330272789748552
0.5,0.5002600691016806
0.06,0.060297786842862654
1.25,1.2500643418333492
0.11,0.12029108105981941
0.07,0.07029673840281396
0.06,0.06029753605995054
0.12,0.12029360764972177
0.4,0.4002623516372734
2.22,2.210121789756014
0.7,0.700243626055956
1.1,1.1001844933408975
3.77,3.7698871317597145
0.08,0.09029423855668968
0.25,0.2502821938074531
0.08,0.08029594074567735
0.19,0.18028583396637868
0.06,0.05029895799740828
0.07,0.07029515699871448
0.06,0.060297430876096035
0.32,0.320276796974399
0.02,0.02030072668849694
0.3,0.29027900270140916
0.17,0.16028778548616723
0.26,0.26027867089193174
0.27,0.270280785260082
0.33,0.330265887089842
0.1,0.10029434543140416
0.2,0.20028636886003817
0.1,0.10029434543140416
0.13,0.13029279246194275
0.05,0.05029833371708715
0.06,0.05029860203064167
0.09,0.10029271143537744
0.13,0.12029214896011925
0.09,0.09029317065638984
0.79,0.7802471064457251
0.42,0.4302540710767774
0.61,0.6102535938034778
0.01,0.01030152434563354
0.36,0.3602736063458526
0.31,0.310272675112813
0.11,0.12029108105981941
0.09,0.09029514308854075
0.59,0.6002570826127093
0.49,0.49027547892689083
0.02,0.02030072668849694
1.32,1.3201765194928137
0.16,0.16028778548616723
0.27,0.28027632322892226
0.58,0.5802519552487638
0.08,0.08029594074567735
0.29,0.29028081735777833
0.32,0.320276796974399
0.23,0.2302813324156448
0.02,0.010301506814991122
0.27,0.2702766826199984
0.35,0.3502692865320305
0.97,0.9702153207931375
0.02,0.02030072668849694
0.09,0.09029514308854075
1.32,1.3201956699407948
0.21,0.21028557120290156
0.27,0.2702780716645288
0.15,0.15029035714572114
0.17,0.17028497474292792
0.58,0.5702509849736476
0.34,0.35026870242816366
0.07,0.07029673840281396
0.02,0.02030072668849694
0.01,0.010301862781757735
0.04,0.040300485118720523
0.49,0.49026117061115415
7.6,7.59972356445085
0.03,0.020301047593978716
0.36,0.35027478868573225
0.29,0.2902753385661348
0.02,0.02030072668849694
0.04,0.04029977318518729
0.03,0.03029992903136034
0.03,0.030299876439433087
0.16,0.16028772730157298
0.03,0.03029992903136034
0.21,0.21028557120290156
0.43,0.42025598898739236
0.06,0.06029632815326011
0.13,0.130290621838807
0.11,0.11029354777426756
0.5,0.5002553718886424
1.28,1.280193574817118
0.2,0.19028501877859966
0.05,0.05029785527457236
0.3,0.30027839228867215
0.41,0.4102696180601696
0.04,0.04029977318518729
0.06,0.06029753605995054
0.07,0.07029673840281396
0.08,0.08029651243407122
0.26,0.2502790249290896
1.33,1.330197305113789
0.03,0.030298773716597165
0.32,0.32027788775925947
2.03,2.030122043052388
0.41,0.41026420280703857
0.08,0.08029398584416886
0.93,0.9302141629115042
3.07,3.070039173335608
0.11,0.11029296414789826
0.91,0.9002331918813219
0.32,0.32027324896956433
0.02,0.020301047593978716
0.07,0.060297430876096035
0.26,0.2602815829172186
0.03,0.030298773716597165
0.04,0.040299131374223744
1.05,1.050216692463437
0.15,0.16028778548616723
0.59,0.6002542348785764
0.11,0.11029296414789826
0.07,0.08029398584416886
0.03,0.030300232406199702
0.09,0.09029317065638984
0.14,0.14029115480285778
0.15,0.14029115480285778
0.08,0.08029651243407122
0.35,0.34027197456077296
0.13,0.12029257504945554
0.15,0.15028824470717966
0.66,0.6602505857648825
0.81,0.8102377117747057
0.1,0.09029317065638984
1.5,1.5001826734322803
0.07,0.08029505374446869
2.86,2.8600716955761345
1.09,1.090228034091158
0.08,0.07029658086578094
0.28,0.28027686009478003
0.43,0.43026360479299797
0.07,0.060297430876096035
1.31,1.3001901994302631
0.28,0.28027761244351634
0.16,0.16028955948858456
11.9,11.899298064934065
0.51,0.50025743804417
0.03,0.03029992903136034
0.29,0.29027552557178565
0.34,0.3302760979170597
1.2,1.1902034651781621
1.73,1.7301708371683704
0.36,0.3602747202540225
0.09,0.09029514308854075
0.09,0.09029317065638984
0.2,0.19028517655438143
3.16,3.1600251677166544
0.97,0.9802167458735663
0.01,0.010301862781757735
0.05,0.05029833371708715
0.02,0.02030072668849694
0.19,0.18028583396637868
0.66,0.6602531123547849
0.04,0.04029941721842068
0.98,0.980216494374408
0.63,0.6302449911241376
0.03,0.03029992903136034
0.02,0.02030140356074533
0.65,0.6502491606844536
0.11,0.1002948820585132
0.03,0.030300232406199702
1.13,1.1302172554740015
0.08,0.08029594074567735
0.02,0.020301047593978716
0.77,0.7702317290163261
0.01,0.01030152434563354
0.61,0.6102498948456673
0.15,0.15028827952971574
0.54,0.5502558886951773
0.8,0.8002373015251518
0.04,0.040299131374223744
0.36,0.36026888549561237
1.42,1.4201884523022223
2.63,2.6300300063608724
0.3,0.3002773362899526
4.14,4.139870706338326
0.09,0.10029235546861082
0.03,0.02030140356074533
0.05,0.05029860203064167
0.26,0.26027952914076885
0.02,0.02030140356074533
0.03,0.03029992903136034
1.0,0.9902042959915033
0.26,0.27027298366218794
3.34,3.3400180219919093
0.48,0.48025810498703647
0.04,0.04029906125165407
0.19,0.17028736108769094
0.39,0.3902667958990419
0.22,0.2202818264591933
0.12,0.11029260818113165
1.75,1.7501506343785334
1.05,1.0502185680034275
4.09,4.08994663725873
0.21,0.21028225085766963
0.17,0.17028876183144798
0.03,0.03029992903136034
0.24,0.23028570848445243
0.14,0.15028934743001557
0.07,0.07029673840281396
0.1,0.10029434543140416
0.22,0.22028179163665723
0.05,0.05029833371708715
0.85,0.8502339944742453
0.32,0.32027324896956433
0.91,0.9202180076875022
0.07,0.07029697165508363
0.01,0.01030152434563354
0.06,0.06029753605995054
1.11,1.1102162896145846
0.02,0.02030072668849694
0.02,0.010301862781757735
0.14,0.14029115480285778
0.2,0.20028313592926958
0.23,0.24027948415010203
0.42,0.41027028834836077
0.44,0.440249638036738
0.01,0.01030152434563354
0.44,0.44026702638388227
0.09,0.09029361427636855
0.08,0.08029505374446869
0.16,0.1502889566407129
0.07,0.060297786842862654
1.33,1.3301992249540127
0.06,0.060297786842862654
0.1,0.10029235546861082
0.1,0.10029434543140416
0.2,0.20028636886003817
0.07,0.06029753605995054
0.22,0.21028150410160035
0.06,0.060297040086793346
0.53,0.5302600461745305
0.01,0.010301862781757735
1.01,1.0002098533829873
0.03,0.030299876439433087
0.08,0.0902939176512079
0.17,0.18028615511060922
0.33,0.3302736767497606
0.02,0.02030072668849694
0.02,0.02030072668849694
0.38,0.39026823146533507
0.69,0.6902462559001042
0.11,0.11029154028083181
0.32,0.32027687828230267
2.09,2.090107229091432
0.45,0.4502622955616705
2.23,2.2301301191496177
0.01,0.010301506814991122
0.15,0.1402905185845612
0.05,0.04029906125165407
0.29,0.29028660047925625
0.19,0.18028651107737584
0.51,0.5102638118367955
0.27,0.260283618887882
0.26,0.25028365249705564
0.2,0.1902886132688019
0.55,0.550250193704409
0.07,0.08029398584416886
0.31,0.3102775946315356
0.18,0.19028644264566613
0.36,0.360271774158841
0.12,0.12029275011713095
0.72,0.7302445234836629
0.53,0.5202558366597324
0.22,0.22028477354576498
0.02,0.02030140356074533
0.26,0.2602815829172186
0.29,0.2902753385661348
0.1,0.11029189624759841
1.03,1.0402037371563324
0.01,0.01030152434563354
3.87,3.8699350523752822
0.13,0.13029168973910685
0.14,0.14028905989495868
0.77,0.7702322590957732
0.02,0.02030072668849694
1.71,1.7101698004701382
0.08,0.08029398584416886
2.02,2.020110008614033
0.1,0.11029043755799589
0.2,0.20028636886003817
0.02,0.02030072668849694
0.82,0.8302157680973509
0.18,0.18028651107737584
0.19,0.1902886132688019
0.27,0.26027749780777737
0.01,0.01030152434563354
0.02,0.020300691627212104
0.28,0.2902789678788731
0.16,0.16029034689860572
6.69,6.689653250654432
0.1,0.10029306740214405
0.21,0.21028623613717454
0.27,0.26027924281907444
0.18,0.18028651107737584
0.01,0.01030152434563354
0.12,0.12029141973469237
0.12,0.12029275011713095
0.2,0.20028705132495356
0.07,0.07029673840281396
0.41,0.400268612246271
0.05,0.05029833371708715
0.41,0.4102655563127866
0.2,0.20028420359082064
0.1,0.11029154028083181
0.08,0.09029317065638984
0.05,0.05029833371708715
0.1,0.10029235546861082
0.32,0.31027580285972706
0.59,0.5902475399417204
0.14,0.14029250854735453
0.06,0.06029753605995054
0.88,0.8802260528273711
0.22,0.22028179163665723
0.83,0.82023743829281
0.59,0.5902534791677388
0.99,0.9902247950324167
0.17,0.16029006105440877
1.39,1.3801742061154765
0.14,0.14028905989495868
0.5,0.49025825323194905
0.03,0.020301047593978716
0.02,0.020300691627212104
0.08,0.08029594074567735
0.04,0.030299876439433087
1.77,1.7701305180481648
0.02,0.02030072668849694
0.07,0.07029732762185024
0.5,0.50025743804417
0.14,0.14028721041605346
0.68,0.6802350456042963
2.91,2.910065875856082
0.05,0.05029833371708715
1.04,1.0302157345841754
0.32,0.3102737778356489
0.09,0.0802954097112353
0.11,0.11029354777426756
0.6,0.6002594397639984
0.87,0.8802314444433
0.57,0.5702568555459839
0.22,0.22028477354576498
0.26,0.2502822982750613
0.02,0.02030140356074533
2.4,2.410101702355842
1.38,1.3901636721522115
0.02,0.02030072668849694
0.04,0.030300232406199702
0.04,0.04029941721842068
0.03,0.030299876439433087
0.3,0.2902761201447402
0.14,0.15028575317856213
2.1,2.1101160245484722
0.19,0.19028716651717476
0.61,0.6102536649174376
0.59,0.590253626199289
0.03,0.030299911500717924
0.14,0.14028909471749476
0.41,0.40027220625897575
0.03,0.030300232406199702
1.38,1.380196345700079
0.42,0.42026107698973314
0.04,0.03030094433973293
0.15,0.15028860067394628
0.49,0.49026394870021484
0.11,0.11029154028083181
0.56,0.5602468166266941
0.62,0.6202501475581882
0.1,0.1102916279340439
0.12,0.13029129894980415
0.19,0.19028746989201412
0.1,0.11029296414789826
0.12,0.13029168973910685
0.07,0.07029673840281396
0.03,0.03029992903136034
0.05,0.05029678737427252
0.1,0.11029154028083181
0.05,0.05029860203064167
0.02,0.02030140356074533
0.22,0.2202818264591933
0.2,0.20028345683475135
0.11,0.11029354777426756
0.08,0.08029651243407122
0.05,0.040300485118720523
0.45,0.4502623303842066
1.48,1.4801621641140508
0.15,0.15029112726384863
0.18,0.18028651107737584
0.13,0.1302880952489046
0.71,0.7102420468566092
0.53,0.5302571631039688
2.47,2.48010188046169
1.81,1.820163343455219
1.07,1.0602174481742748
0.01,0.010301862781757735
0.1,0.10029523802527981
0.18,0.18028796417431137
0.05,0.05029895799740828
1.47,1.4701513623769369
0.21,0.2002856274578871
0.11,0.11029354777426756
0.06,0.060297430876096035
0.37,0.370272808688716
0.23,0.2302813324156448
0.02,0.010301506814991122
0.82,0.820233948270216
1.56,1.5501811927005744
0.27,0.27028024228766456
0.69,0.7002406390316788
0.32,0.33027680985059293
0.19,0.19028530510029412
0.07,0.07029480103194786
0.12,0.12029360764972177
0.02,0.020301047593978716
0.65,0.6501422352488181
0.67,0.6702469576655067
0.09,0.09029569724629222
0.03,0.03029992903136034
0.02,0.030298773716597165
0.04,0.04029941721842068
0.1,0.10029434543140416
0.11,0.10029377933567728
0.17,0.18028651107737584
0.23,0.23028397588862837
0.09,0.09029546399402254
0.38,0.3902667958990419
0.17,0.16028778548616723
0.2,0.2002856274578871
0.19,0.20028484587928172
0.32,0.3202726066811033
0.03,0.030300232406199702
0.24,0.2402812583912681
0.02,0.02030072668849694
0.02,0.02030140356074533
0.37,0.37026671608583905
1.1,1.1002134114736157
0.42,0.4102699323815942
0.02,0.020300691627212104
0.25,0.26028105747544356
0.18,0.19028569588959682
0.25,0.25028238057435515
0.1,0.11029154028083181
0.14,0.15028841977485508
1.2,1.2102065397570478
0.07,0.060297430876096035
1.56,1.5701594024000785
0.42,0.420262640146944
0.14,0.14028909471749476
0.18,0.18028414202450646
0.16,0.15028827952971574
0.68,0.6902474282680123
0.54,0.5402575551066339
0.46,0.46026543083086036
3.0,2.999861300453652
0.17,0.1702866491541577
0.03,0.03030094433973293
0.27,0.260283618887882
0.12,0.12029072509305279
0.04,0.040299131374223744
4.58,4.56992674924791
0.29,0.29027522755086455
0.04,0.040299131374223744
0.17,0.170286258364855
1.24,1.2401928447324573
0.09,0.09029317065638984
0.05,0.050298246063875056
0.32,0.320276796974399
0.5,0.5102600006699709
0.15,0.16028597082979812
0.03,0.03029992903136034
0.82,0.820231638356936
0.02,0.020300691627212104
0.12,0.12029360764972177
0.5,0.49026248370169906
0.06,0.050298246063875056
0.21,0.22028179163665723
1.08,1.0901970486455643
0.19,0.19028716651717476
0.12,0.11029406687073418
0.02,0.020300691627212104
0.31,0.3102715027449049
0.22,0.21028733886001047
0.03,0.030300232406199702
0.09,0.09029317065638984
0.22,0.21028623613717454
0.16,0.1502911620863847
0.14,0.14029115480285778
0.05,0.04029906125165407
0.34,0.34026905718156786
0.06,0.050298246063875056
0.04,0.030300232406199702
0.13,0.13029208052840952
0.08,0.08029594074567735
0.05,0.05029895799740828
0.02,0.030300232406199702
0.44,0.44026100977138594
0.06,0.06029753605995054
0.5,0.50025743804417
0.01,0.010301862781757735
0.17,0.17028771705445755
0.25,0.2502779222062537
0.22,0.22028474383839836
0.61,0.6102435222664043
0.08,0.08029594074567735
0.23,0.2202825732152626
0.47,0.4702631221309427
0.04,0.04029906125165407
0.45,0.45025510658126605
0.09,0.09029514308854075
1.6,1.5901721729062848
0.04,0.04029907878229649
0.13,0.14029233324093035
0.1,0.10029434543140416
0.17,0.1702866491541577
0.16,0.16028746434193672
0.17,0.18028832573374498
1.3,1.290179450285076
0.09,0.10029160871254152
0.26,0.2602759694731027
0.08,0.08029647761153516
3.81,3.8099927869209202
0.19,0.19028716651717476
1.18,1.180170947181705
0.21,0.21028260682443622
0.03,0.03029992903136034
0.02,0.020301047593978716
0.08,0.08029398584416886
0.48,0.47026315695347876
0.02,0.02030140356074533
0.43,0.4402689106853236
0.02,0.020301047593978716
0.72,0.7202341644115324
0.14,0.14028919990134928
0.15,0.14029233324093035
0.19,0.19028352526646106
0.2,0.21028484733139294
0.04,0.04029831449558476
0.22,0.22028175681412118
0.4,0.4002703916026066
0.15,0.15028827952971574
0.24,0.2502819074857586
0.08,0.07029910745568332
0.52,0.5202559070210507
0.4,0.4102641214991349
0.13,0.13029133377234023
0.11,0.11029332011466489
4.88,4.889922349552209
0.85,0.8502295487603656
0.04,0.030300232406199702
0.02,0.010301506814991122
0.45,0.450263719428737
0.19,0.19028501877859966
0.09,0.09029423855668968
0.91,0.9002156527835553
0.11,0.11029189624759841
0.05,0.05029860203064167
0.37,0.3702739050662435
0.14,0.14028909471749476
0.02,0.02030072668849694
0.33,0.34027599466281394
0.75,0.7502302949811289
0.01,0.010301506814991122
0.51,0.5002593571681475
0.43,0.43026752042743077
0.05,0.05029860203064167
5.27,5.24983747200469
0.22,0.22028652367223145
1.33,1.3301769014674933
0.11,0.1102919663701681
0.02,0.02030072668849694
0.08,0.08029505374446869
0.07,0.07029673840281396
0.04,0.040300485118720523
0.59,0.590254798567197
0.19,0.2002856274578871
0.05,0.05029833371708715
0.05,0.05029895799740828
0.01,0.020301047593978716
1.15,1.150210591432061
0.24,0.24028317823149176
5.55,5.559866630514713
0.23,0.23028397588862837
0.39,0.3902712133744428
1.62,1.6201543978874229
0.03,0.03029992903136034
0.27,0.2602803455419103
0.04,0.030299876439433087
0.04,0.04029906125165407
0.1,0.1002948820585132
0.02,0.02030072668849694
1.99,1.990146637253699
0.06,0.060297786842862654
0.04,0.040299131374223744
0.17,0.16028963496507248
0.33,0.3302731805378546
0.13,0.13028923327177414
0.02,0.02030072668849694
0.11,0.11029406687073418
0.11,0.11029260818113165
0.39,0.3902660491429726
0.24,0.2402826878510016
2.52,2.520081108337394
0.18,0.19028455834422484
0.08,0.0802941085586658
0.12,0.12029072509305279
0.26,0.260283618887882
0.1,0.10029434543140416
1.06,1.070207290913598
0.02,0.02030072668849694
0.04,0.030298773716597165
0.41,0.4202638310004895
0.2,0.20028681783393512
0.4,0.4002704157173062
0.05,0.05029833371708715
0.03,0.03029992903136034
0.13,0.13029279246194275
0.08,0.08029398584416886
0.11,0.11029154028083181
0.05,0.05029833371708715
2.96,2.9600209808889733
0.05,0.050298246063875056
0.04,0.040299131374223744
0.1,0.10029235546861082
0.01,0.010301506814991122
0.09,0.09029423855668968
0.07,0.07029693683254755
0.04,0.040299131374223744
0.16,0.16028821133675478
5.29,5.279883197073517
0.9,0.8902224420198888
0.13,0.13029195245999436
2.35,2.350113040388658
0.07,0.08029430698839939
0.04,0.030299876439433087
0.18,0.1802861319872998
0.09,0.10029377933567728
1.29,1.2801819275050073
0.33,0.3302761327395958
0.47,0.47026483211735
0.14,0.14029115480285778
0.09,0.09029317065638984
0.04,0.040299131374223744
0.46,0.46025970054005844
0.01,0.01030152434563354
0.01,0.010301506814991122
0.03,0.030299876439433087
0.36,0.3602663937282461
0.01,0.01030152434563354
0.03,0.020301047593978716
0.19,0.20028272760932447
0.15,0.16028778548616723
0.04,0.040299131374223744
0.02,0.02030072668849694
0.11,0.10029235546861082
0.05,0.04029906125165407
0.1,0.10029377933567728
0.41,0.4102696180601696
1.06,1.0502001348065022
0.22,0.22028477354576498
0.19,0.1902850538398845
1.32,1.3301765688991805
0.19,0.1902886132688019
0.45,0.4502664274316232
0.03,0.04029831449558476
0.03,0.03029992903136034
3.38,3.3799903966684415
0.07,0.060297786842862654
1.25,1.2501895085110482
0.11,0.11029225221436503
0.26,0.250282158984917
0.07,0.07029768358861686
1.02,1.0202175580551676
0.64,0.6402433943577531
2.12,2.1201168258988683
0.06,0.06029632815326011
1.0,0.9902050427475725
1.48,1.4801899736561217
0.23,0.2302777379254426
0.14,0.1402893810391892
0.03,0.030300232406199702
0.27,0.27027775052029823
0.18,0.18028832573374498
0.23,0.23028397588862837
0.65,0.6502437167153462
0.14,0.13029026587204037
0.01,0.010301506814991122
0.18,0.18028796417431137
0.23,0.22028278358297163
0.1,0.10029235546861082
0.4,0.4002674394008655
0.04,0.04029906125165407
0.2,0.20028636886003817
1.48,1.4901861639414085
0.5,0.5102600006699709
0.07,0.060297786842862654
0.01,0.010301506814991122
5.02,5.019905963085398
0.29,0.2902789678788731
0.19,0.20028345683475135
0.25,0.25028151669645593
0.76,0.7602388932189563
0.02,0.02030140356074533
0.33,0.3302745462203268
0.02,0.02030072668849694
0.14,0.14028919990134928
0.07,0.07029732762185024
0.38,0.38027178872589495
0.37,0.36027037924649974
0.07,0.07029586893224771
0.19,0.18028971477827535
1.13,1.1302172554740015
0.2,0.20028636886003817
0.12,0.12029072509305279
0.06,0.07029732762185024
0.06,0.05029895799740828
0.63,0.6302513686162164
0.1,0.1102911494915291
0.57,0.5702489536406562
1.04,1.040213313436495
0.51,0.500256813763849
0.46,0.4702624450199455
0.06,0.06029753605995054
0.47,0.47025952764074047
0.02,0.020300691627212104
0.2,0.21028260682443622
0.05,0.040300485118720523
0.44,0.4402670612064184
0.23,0.22028075855889348
0.22,0.23028069036593252
0.03,0.030300232406199702
0.43,0.43026919579365563
0.44,0.43026591006860615
0.01,0.01030152434563354
0.38,0.38027201103157937
0.12,0.12027992480805
1.04,1.0402248436631707
0.27,0.28027981788918815
0.13,0.14029123051809445
1.28,1.2901932375943566
0.01,0.010301506814991122
0.12,0.1202909179301194
0.38,0.38026834665755627
0.02,0.02030072668849694
1.37,1.370053083359756
0.07,0.07029124184177925
1.64,1.6401765398623547
0.07,0.07029661568831702
0.33,0.3202783717944413
0.15,0.1502897033967822
0.47,0.4702593355563153
3.03,3.0300736291837818
0.07,0.07029515699871448
0.24,0.2402805172278658
0.12,0.12029188064656471
6.56,6.559673925160786
0.39,0.3902693224889443
0.16,0.16028772730157298
0.28,0.2902753385661348
0.11,0.12029247010434979
0.04,0.040299131374223744
0.01,0.020301047593978716
0.79,0.7902393070889789
0.03,0.030300232406199702
0.14,0.15028899146324895
0.03,0.04029724659528492
0.85,0.8502317193835013
0.23,0.23028353786131667
1.52,1.5201814082260428
0.02,0.02030072668849694
0.18,0.18028583396637868
0.16,0.16028571980813724
0.02,0.020300691627212104
0.02,0.02030072668849694
0.36,0.3602736063458526
0.3,0.3102737549510883
0.12,0.1302898750827377
0.13,0.13029195245999436
0.56,0.550252259382439
0.02,0.010301862781757735
0.03,0.030300232406199702
0.07,0.07029732762185024
0.16,0.16028746434193672
0.21,0.2102848122701081
1.45,1.450176903713278
0.14,0.14028909471749476
0.07,0.07029673840281396
0.68,0.6802515593657048
0.38,0.380272273477323
0.9,0.8902161120045677
0.03,0.04029831449558476
0.76,0.7602325442041051
2.78,2.780036713711643
0.33,0.33027335560553006
0.15,0.15029035714572114
0.09,0.09029541140209528
0.78,0.7802182460564991
0.44,0.4402672250887598
0.07,0.08029505374446869
0.45,0.4602672803097656
0.05,0.05029833371708715
0.02,0.02030140356074533
3.85,3.8498864538501345
0.03,0.04029724659528492
0.07,0.07029673840281396
0.03,0.030299876439433087
0.12,0.13029135130298264
0.03,0.030300232406199702
0.17,0.1702874136796182
0.02,0.020301047593978716
0.28,0.28027698792444644
0.27,0.270280785260082
0.21,0.22028070644446374
1.14,1.1401872185763113
0.28,0.2902753385661348
0.04,0.04029941721842068
0.13,0.1302898750827377
1.48,1.480152500419425
0.01,0.01030152434563354
0.12,0.11029406687073418
0.13,0.12029360764972177
0.11,0.11029354777426756
0.05,0.04029906125165407
0.65,0.6402514345618352
0.19,0.18028651107737584
0.16,0.16028772730157298
0.35,0.3502713639092872
0.13,0.13029094298303753
0.14,0.14028905989495868
0.66,0.660232899635566
0.22,0.23028243513848076
0.07,0.06029956667669572
0.01,0.01030152434563354
0.35,0.3602710561187481
0.02,0.02030140356074533
0.28,0.29027900270140916
0.01,0.010301506814991122
0.08,0.09029317065638984
0.2,0.20028636886003817
0.01,0.01030152434563354
0.11,0.11029354777426756
0.38,0.3902667958990419
1.32,1.3301935713334427
0.34,0.34027197456077296
1.1,1.1001960408594673
0.19,0.1902854100453999
0.42,0.4202575521446031
0.28,0.28027978306665213
0.13,0.12029072509305279
0.06,0.05029895799740828
0.89,0.8902210955393004
0.02,0.020300691627212104
0.8,0.8002375751562295
4.98,4.989627347655815
0.03,0.03029992903136034
1.73,1.7301544171303385
0.16,0.16028746434193672
0.32,0.3202722509530854
1.94,1.9301472913629607
0.8,0.8002165406819507
0.55,0.5502502280494476
0.27,0.270280785260082
0.15,0.15028875821097928
0.05,0.05029895799740828
0.03,0.030300232406199702
0.93,0.9402100472966232
0.08,0.09029318818703226
1.08,1.090208876176915
0.54,0.5402614707410667
0.24,0.24028317823149176
0.28,0.2902753385661348
0.49,0.49027295233698853
1.23,1.2301850360533901
0.29,0.29027529767343424
0.03,0.03029992903136034
0.99,0.9902232937788723
0.21,0.21028338840304164
1.04,1.0502140219457186
0.45,0.4502643965397341
0.06,0.06029632815326011
0.03,0.020301047593978716
0.02,0.010301506814991122
0.73,0.7202454684110983
0.74,0.7502345614671588
0.13,0.12029179299335263
0.5,0.5002624391459403
0.45,0.4502593781824655
0.47,0.4802634683644865
0.31,0.32027623671008787
0.88,0.8902241870311859
0.04,0.04029906125165407
0.07,0.060297430876096035
0.03,0.03029992903136034
1.31,1.310182481583774
0.08,0.08029651243407122
0.03,0.03029992903136034
0.66,0.6602496766317547
0.16,0.16028712614456128
0.24,0.250279661386135
0.22,0.22028075855889348
0.04,0.040299131374223744
0.19,0.19028685120436
0.06,0.05029860203064167
0.05,0.05029678737427252
0.9,0.9002082471265286
0.04,0.04029795852881815
0.29,0.28028013903341875
0.28,0.2802799876029454
0.05,0.04029906125165407
0.76,0.76023897452686
0.2,0.2002823889344515
0.26,0.26027924281907444
0.01,0.01030152434563354
0.03,0.030299876439433087
0.68,0.6802441885312142
0.19,0.18028971477827535
1.19,1.2001704195289826
0.27,0.2802769650398858
0.58,0.5802477824861105
0.46,0.4702585642080489
0.84,0.8402223585665987
0.87,0.8702106926898656
0.07,0.07029673840281396
0.41,0.4102669395259012
0.48,0.48026227212062766
0.02,0.020300691627212104
0.08,0.09029361427636855
0.05,0.05029833371708715
0.11,0.11029225221436503
0.09,0.08029505374446869
0.06,0.060297396053559965
0.15,0.16028803067641234
1.66,1.6501332856725375
0.09,0.09029514308854075
1.02,1.0202160640655311
0.05,0.05029833371708715
0.2,0.2002823889344515
1.66,1.6501652102337698
0.06,0.050298246063875056
0.09,0.09029514308854075
0.12,0.1302898750827377
0.23,0.24028272267353765
0.12,0.12029072509305279
0.03,0.03029992903136034
0.19,0.190287510545966
0.14,0.14029233324093035
0.26,0.26027924281907444
0.18,0.190285818365345
0.21,0.21028299761373892
0.03,0.03029992903136034
0.34,0.3402698735827093
1.19,1.2002122610930814
0.02,0.02030072668849694
0.78,0.7802469671555807
0.18,0.1802890724898143
0.02,0.010301506814991122
0.43,0.4402689106853236
0.02,0.02030072668849694
0.08,0.0802954097112353
0.02,0.02030072668849694
0.28,0.2902753385661348
0.25,0.240281830079662
0.82,0.8302370487168698
0.2,0.21028351135628734
0.51,0.5102581110146114
0.09,0.10029235546861082
0.17,0.1702866491541577
0.66,0.660246577600817
0.15,0.15028852495870962
0.04,0.030299876439433087
0.92,0.9102231989440889
0.18,0.1902862795159661
0.12,0.12029214896011925
0.16,0.16028746434193672
0.04,0.04029941721842068
0.03,0.020300691627212104
0.06,0.060297040086793346
0.13,0.13029279246194275
0.48,0.48025814052581883
0.14,0.14029083972879175
0.09,0.10029235546861082
0.3,0.2902777894408005
0.21,0.21028187759900935
0.3,0.30027423705666134
0.14,0.14029087455132783
0.59,0.5902527219425818
0.47,0.47025952764074047
0.79,0.790234521708836
2.4,2.4100615284165623
0.26,0.2702790112576647
0.45,0.4502601945836069
1.81,1.8101586204366216
0.13,0.13028990990527375
0.66,0.6602382043145291
4.47,4.469863947122929
0.06,0.060297786842862654
1.29,1.3001994889476287
0.16,0.16028955948858456
0.13,0.13028990990527375
0.01,0.01030152434563354
1.75,1.7401440682263387
0.05,0.05029785527457236
0.18,0.18028414202450646
0.5,0.5002624391459403
0.1,0.10029523802527981
0.4,0.4002704157173062
0.66,0.6502437167153462
0.29,0.29027505224444033
1.59,1.5901515698752609
0.78,0.7802369241321302
1.03,1.0302038656826262
0.13,0.14028911224813717
0.36,0.3702739050662435
0.11,0.1002948820585132
0.02,0.02030072668849694
0.11,0.11029273089562858
0.07,0.07029768358861686
0.06,0.060297430876096035
0.12,0.12029077768498005
0.01,0.01030152434563354
0.01,0.010301862781757735
0.1,0.10029235546861082
0.61,0.6102435222664043
0.18,0.18028651107737584
0.39,0.390265085710281
5.36,5.369817622143434
0.23,0.2302813324156448
0.04,0.030300588372966314
0.07,0.07029658086578094
0.41,0.4102687948362222
1.25,1.2502026148606955
9.32,9.31946419590831
0.02,0.02030072668849694
0.15,0.15029035714572114
0.15,0.15029035714572114
0.07,0.07029480103194786
3.51,3.500023355229915
0.13,0.1302898750827377
0.03,0.020301047593978716
0.08,0.08029398584416886
0.12,0.1302903710558949
0.03,0.03029992903136034
1.86,1.8601581032103973
0.02,0.020301047593978716
0.08,0.08029594074567735
0.57,0.5702568555459839
0.22,0.22028477354576498
0.03,0.03029992903136034
0.01,0.01030152434563354
0.61,0.6002396054186091
0.1,0.10029434543140416
0.4,0.4002649191562715
0.24,0.23028234189260166
0.38,0.3702735142769408
0.33,0.330272789748552
0.62,0.6202445217349944
0.21,0.2002856274578871
0.3,0.30027839228867215
0.18,0.19028644264566613
0.09,0.09029569724629222
0.28,0.28028017385595483
0.55,0.5502489512139312
0.05,0.05029826359451747
0.04,0.04029941721842068
1.14,1.1402138440512477
0.18,0.18028796417431137
0.01,0.01030152434563354
0.6,0.5902533050550585
0.34,0.34027528272928076
0.07,0.07029673840281396
0.52,0.5102595697042139
0.02,0.02030072668849694
1.02,1.0202155861005138
0.02,0.02030072668849694
0.21,0.21028260682443622
0.3,0.31027769347008166
0.1,0.10029251324439259
0.03,0.020301047593978716
0.25,0.25028005800685343
0.02,0.02030072668849694
0.16,0.16028746434193672
0.12,0.12028851964738094
0.04,0.040299131374223744
0.05,0.05029833371708715
0.02,0.02030072668849694
0.38,0.3902667958990419
0.03,0.03030094433973293
0.02,0.020301047593978716
0.21,0.21028370954727216
0.06,0.060297430876096035
0.19,0.19028206657685853
0.03,0.03029992903136034
1.33,1.3201897066000772
0.06,0.050298246063875056
0.16,0.16028929676769704
0.07,0.060297786842862654
0.02,0.010301506814991122
0.09,0.08029505374446869
0.04,0.040299131374223744
0.05,0.06029632815326011
0.02,0.02030072668849694
0.04,0.040299131374223744
0.14,0.14028909471749476
0.08,0.08029594074567735
0.09,0.09029514308854075
0.02,0.02030072668849694
0.42,0.42026652095884065
0.12,0.12029108105981941
0.78,0.7802278494177919
0.35,0.3502746723165437
0.24,0.24028087319463243
2.75,2.750085909649965
0.19,0.19028716651717476
1.95,1.9501317682555195
0.37,0.36026671487247663
0.23,0.23028397588862837
0.15,0.14028909471749476
0.28,0.2902753385661348
1.49,1.4901739816370352
0.66,0.6702403761510272
0.41,0.4102696180601696
0.13,0.13028953664661347
0.03,0.030300232406199702
0.04,0.040299131374223744
1.08,1.0802225463447463
0.29,0.29027735775879726
0.03,0.02030140356074533
0.56,0.5602576532031207
0.06,0.060297040086793346
5.15,5.149906908496512
0.12,0.13028984026020163
1.15,1.150197018100377
0.31,0.31027393025751243
0.24,0.2402783814272661
0.1,0.10029342336891066
0.03,0.030299876439433087
0.41,0.41026662421308646
0.32,0.3202750930945514
0.86,0.8702322596310791
1.19,1.1902068159106118
0.02,0.010301506814991122
5.2,5.209887266931666
0.01,0.010301862781757735
0.64,0.6302449911241376
0.06,0.05029895799740828
0.03,0.04029831449558476
11.18,11.179415649994326
0.05,0.05029833371708715
0.17,0.1702869296444364
0.18,0.18028796417431137
0.13,0.13029026587204037
0.15,0.15028934743001557
0.85,0.850235635017934
0.02,0.02030072668849694
1.51,1.5101818757751437
10.55,10.549469923212216
0.25,0.2402805172278658
0.69,0.6902474282680123
0.08,0.08029864823467091
0.1,0.10029271143537744
0.51,0.51025260275435
0.09,0.09029514308854075
0.11,0.11029225221436503
0.02,0.020301047593978716
0.02,0.02030140356074533
0.73,0.7402428918947423
0.02,0.02030072668849694
0.27,0.2702766826199984
1.34,1.35018099998664
0.32,0.3102734218688823
1.23,1.2302096414170638
0.73,0.7302362317804224
1.26,1.250201284239508
0.94,0.9402050564979821
0.23,0.24028233188423498
0.17,0.17028732626515486
0.96,0.96022440408335
0.9,0.9002116504509056
0.02,0.010301506814991122
0.84,0.8302406780296081
2.85,2.8500643469912474
0.46,0.47025657543899935
0.02,0.02030140356074533
0.05,0.05029860203064167
0.26,0.26027774930693576
0.1,0.10029377933567728
0.1,0.10029271143537744
0.58,0.5802518327730156
0.01,0.01030152434563354
0.44,0.4502662460186394
0.4,0.4002704157173062
0.1,0.10029342336891066
0.06,0.06029753605995054
0.78,0.7802104921741116
0.16,0.15028827952971574
0.24,0.2402772962350726
0.1,0.11029154028083181
0.23,0.2302813324156448
0.72,0.7202450949136893
0.58,0.5802484944196438
0.02,0.02030072668849694
0.01,0.01030152434563354
0.11,0.11029406687073418
0.2,0.20028350966542735
0.22,0.22027816232391892
0.17,0.17028977713982058
0.9,0.9002301700345087
3.04,3.0400375747186
0.12,0.11029406687073418
3.91,3.909992551614115
0.05,0.05029833371708715
0.27,0.2702766129749262
0.38,0.38027201103157937
2.04,2.0401160779586016
0.25,0.2502819074857586
0.12,0.12029072509305279
0.15,0.15028827952971574
0.04,0.04029906125165407
2.41,2.420102883953662
0.29,0.2902750700138315
2.19,2.200124125978164
4.22,4.219858522142533
0.06,0.06029753605995054
0.02,0.02030072668849694
2.9,2.9000665753181276
0.03,0.02030140356074533
1.41,1.4101746116651501
0.12,0.12029275011713095
0.14,0.13029279246194275
0.06,0.05029895799740828
0.08,0.08029398584416886
0.03,0.03029992903136034
0.06,0.060297396053559965
0.02,0.020300691627212104
6.36,6.359721329234144
0.05,0.05029833371708715
0.14,0.14029115480285778
0.35,0.3402727213168423
1.04,1.040202110699358
0.23,0.23028496172838314
0.03,0.030300232406199702
1.67,1.6601556602002696
0.09,0.09029569724629222
0.27,0.27028024228766456
0.3,0.30027839228867215
0.01,0.01030152434563354
0.95,0.9502100833325218
0.1,0.10029434543140416
0.02,0.02030072668849694
0.3,0.3002723702858624
0.04,0.04029831449558476
1.47,1.4701749521934895
0.16,0.16028772730157298
0.38,0.38026834665755627
0.41,0.4202650970917742
0.01,0.010301506814991122
0.07,0.08029398584416886
0.09,0.09029317065638984
0.1,0.10029434543140416
0.04,0.040299131374223744
2.5,2.5000647585205353
0.41,0.41026762246831416
0.28,0.270277038586765
0.66,0.6502509753408228
0.24,0.24028327147737089
0.13,0.13028990990527375
2.49,2.490092131925666
0.2,0.2002823889344515
0.02,0.02030072668849694
0.01,0.010301862781757735
1.0,1.0102148552206223
0.06,0.060298142809629265
0.31,0.30027423705666134
1.69,1.6801698187960112
0.6,0.6002553434692233
0.69,0.6902470723012456
0.28,0.2902797146349424
0.71,0.7102377228658361
0.09,0.09029569724629222
0.09,0.09029357921508371
0.07,0.07029670334152911
1.41,1.4201787069881537
3.52,3.5200209823880253
0.03,0.03029992903136034
0.07,0.07029661568831702
0.44,0.4402672250887598
0.04,0.04029831449558476
0.98,0.9902252433264626
0.04,0.04029906125165407
0.32,0.320276796974399
0.03,0.03029992903136034
0.01,0.01030152434563354
0.23,0.23028397588862837
0.61,0.6102535241584056
1.84,1.8501315212347795
1.49,1.4901852776564462
0.05,0.05029833371708715
1.25,1.2502026367174706
0.67,0.6602501601530438
0.35,0.34027097630554526
0.19,0.19028501877859966
0.23,0.24028272267353765
28.31,28.307932153315306
0.36,0.36027073497451756
4.44,4.449919998501571
2.79,2.7900414900020194
0.02,0.020300691627212104
0.1,0.11029154028083181
0.6,0.5902551545339637
0.09,0.09029317065638984
0.12,0.12029275011713095
0.11,0.12029072509305279
0.07,0.07029803955538347
0.06,0.05029860203064167
0.66,0.6602452540047893
0.17,0.1602902012995481
0.02,0.02030072668849694
0.9,0.9002302396795806
0.03,0.03029992903136034
0.02,0.02030072668849694
0.25,0.2502724085920741
0.42,0.4202683356152098
1.13,1.1302116435351683
0.07,0.07029551296548109
0.79,0.7902269127092597
0.09,0.09029569724629222
0.5,0.5002581848002393
0.12,0.12029275011713095
0.21,0.21028157374667247
0.06,0.06029753605995054
0.04,0.040299131374223744
0.23,0.23027919661504515
0.26,0.2602815829172186
0.56,0.550249481532127
0.34,0.3402753175518168
0.04,0.04029941721842068
0.01,0.01030152434563354
0.3,0.3002745233783558
0.07,0.060297040086793346
0.18,0.18028615511060922
0.06,0.060297786842862654
0.04,0.04029795852881815
0.71,0.710247933693054
0.19,0.19028622692403888
0.91,0.9202248112689174
0.06,0.06029753605995054
0.1,0.10029313752471372
0.34,0.34027022954947594
0.01,0.010301862781757735
0.1,0.11029296414789826
2.13,2.130134344721534
0.54,0.5402598379387838
0.57,0.5702489536406562
0.12,0.12029325168295517
0.27,0.2702806330769672
0.02,0.02030072668849694
0.06,0.060297396053559965
0.1,0.10029555916951034
0.03,0.03030094433973293
0.06,0.060297430876096035
0.15,0.16028828145932447
0.48,0.47025952764074047
0.18,0.18028832573374498
0.19,0.18028651107737584
0.84,0.8402328732461533
0.13,0.13029026587204037
0.36,0.36026888549561237
0.14,0.14029087455132783
0.64,0.6302495252074758
0.16,0.16028817627546996
0.22,0.2302813324156448
0.47,0.4602622098380672
0.26,0.260279750730207
0.2,0.19028501877859966
1.27,1.2601920711368488
0.5,0.5002643755254161
0.71,0.7202388964471067
0.04,0.04029911384358133
0.05,0.05029934902545973
0.41,0.4102696180601696
1.46,1.460189392038346
0.08,0.08029651243407122
0.32,0.32027577555946674
0.2,0.21028370954727216
0.04,0.040299131374223744
0.46,0.4502601945836069
0.11,0.11029296414789826
0.28,0.2802758674322194
0.05,0.05029833371708715
0.89,0.8802215022047807
0.04,0.04029909631293891
0.06,0.06029753605995054
0.13,0.1302898750827377
0.22,0.22028075855889348
0.06,0.06029753605995054
0.64,0.6402400513667094
0.14,0.1402893226158462
0.31,0.31027393025751243
0.19,0.19028242254362512
0.11,0.11029354777426756
0.04,0.030300232406199702
0.05,0.050298246063875056
0.92,0.9202217765291337
1.35,1.3501792393910859
0.43,0.43026218092593155
0.06,0.060297786842862654
1.04,1.0401837488551413
0.18,0.19028644264566613
0.35,0.34027197456077296
0.3,0.29027900270140916
0.24,0.24028317823149176
0.3,0.2902789678788731
0.51,0.5002618489355137
0.95,0.9502121843105852
0.35,0.35027482350826833
0.04,0.03030094433973293
0.66,0.6602443660849806
0.36,0.3602747202540225
0.14,0.13029279246194275
1.14,1.150205741522016
0.21,0.20028705132495356
0.02,0.020301065124621136
0.03,0.030299876439433087
0.04,0.040299131374223744
0.31,0.31027769347008166
0.12,0.12029275011713095
0.37,0.3602751110433252
0.37,0.37026982654085944
0.72,0.7202357297538772
0.02,0.02030072668849694
0.11,0.11029189624759841
4.31,4.299922790963084
0.01,0.01030152434563354
0.24,0.2402809080171685
0.07,0.07029586893224771
0.08,0.08029594074567735
0.1,0.10029555916951034
0.21,0.21028260682443622
1.65,1.6401733476219333
0.05,0.05029833371708715
1.26,1.250200996173782
1.54,1.540159383515928
0.33,0.330271687025716
0.17,0.17028876183144798
0.11,0.10029377933567728
0.06,0.060297786842862654
0.01,0.01030152434563354
0.03,0.03030094433973293
0.05,0.04029831449558476
1.07,1.0702083412832555
0.15,0.1502904153303154
0.02,0.02030072668849694
0.03,0.03029992903136034
0.14,0.14029115480285778
0.83,0.82023743829281
0.14,0.14028909471749476
0.02,0.02030072668849694
0.2,0.19028501877859966
0.09,0.09029569724629222
0.54,0.550252259382439
0.14,0.14029087455132783
0.06,0.05029833371708715
0.04,0.030300232406199702
0.1,0.10029377933567728
2.69,2.680070311707697
0.54,0.5402567038829563
0.01,0.01030152434563354
0.09,0.10029377933567728
0.25,0.24028304381776816
0.09,0.09029514308854075
0.06,0.060297430876096035
0.2,0.19028501877859966
0.17,0.17028876183144798
0.04,0.040299131374223744
0.02,0.02030072668849694
0.21,0.21028557120290156
0.18,0.1702866491541577
0.63,0.6302479085033427
0.59,0.590254798567197
0.12,0.12029360764972177
0.04,0.030300232406199702
0.17,0.1702869296444364
0.02,0.020300691627212104
0.93,0.9402309642079696
0.03,0.03029992903136034
0.22,0.22028269592975955
0.22,0.22028474383839836
0.26,0.26027924281907444
0.49,0.49025535338338644
0.01,0.01030152434563354
0.02,0.020300691627212104
0.56,0.570252577838225
1.09,1.0902116170559522
0.03,0.03029992903136034
0.2,0.20028636886003817
0.02,0.02030072668849694
0.17,0.18028394966493738
0.76,0.7602325391253307
0.06,0.06029753605995054
0.08,0.08029469777770208
0.1,0.1102907935247625
0.2,0.20028636886003817
0.02,0.020300691627212104
0.15,0.15029109244131258
0.03,0.03030094433973293
0.01,0.01030152434563354
0.46,0.4602672803097656
0.47,0.47026483211735
0.41,0.41026778587315804
0.19,0.1902886132688019
0.43,0.4302653673349374
0.59,0.5802477824861105
0.03,0.03029992903136034
0.06,0.050298246063875056
0.61,0.6102564763601468
0.34,0.34027485711744193
0.49,0.49025825323194905
0.06,0.06029632815326011
0.05,0.05029833371708715
0.49,0.4902632368030768
0.11,0.11029296414789826
0.53,0.5302600461745305
0.02,0.020300691627212104
0.16,0.15028827952971574
0.53,0.5302426458530156
0.01,0.01030152434563354
0.25,0.2502819074857586
0.39,0.39027159757968827
0.01,0.01030152434563354
0.02,0.02030140356074533
0.15,0.15028860067394628
0.14,0.1402901626177946
0.28,0.29027735775879726
0.11,0.11029296414789826
0.1,0.10029251324439259
0.01,0.01030152434563354
0.78,0.7702408022981718
0.03,0.03030094433973293
0.21,0.21028584534787184
0.09,0.09029514308854075
0.41,0.4102579068980073
0.03,0.030300232406199702
0.06,0.050298246063875056
0.1,0.10029235546861082
0.62,0.6202523413410285
0.19,0.19028711975666326
0.8,0.8002385094318423
0.03,0.030300232406199702
0.04,0.04029941721842068
0.04,0.040299131374223744
0.13,0.13029279246194275
1.38,1.3801498765680145
0.89,0.9002062583574791
0.51,0.5102600006699709
0.36,0.36026781759531257
0.38,0.3802643725633853
0.02,0.02030072668849694
0.31,0.3102787265478455
0.19,0.19028316929969444
1.37,1.3701928196415865
0.09,0.10029235546861082
0.05,0.04029941721842068
0.22,0.22028408473554117
0.22,0.22028477354576498
0.06,0.05029860203064167
0.06,0.060297396053559965
0.02,0.010301862781757735
0.19,0.1902886132688019
0.77,0.7602229331014065
0.66,0.6602501601530438
5.14,5.139867116521331
0.29,0.29027512236701003
0.15,0.15028863549648236
0.25,0.25027866896232304
0.39,0.3902722746906855
0.01,0.010301506814991122
0.11,0.11029354777426756
0.3,0.3002743773018007
0.29,0.30027113901711383
0.11,0.11029354777426756
0.1,0.10029338854637458
0.12,0.12029360764972177
0.14,0.14028909471749476
0.64,0.6402442979346091
0.02,0.02030140356074533
0.77,0.7702165176012309
0.01,0.010301506814991122
0.12,0.12029072509305279
0.34,0.35027083822876337
0.34,0.3302760979170597
0.03,0.030298773716597165
0.1,0.10029377933567728
0.05,0.050298246063875056
5.72,5.7197999647909805
0.02,0.010301862781757735
1.17,1.1801785192100063
0.18,0.19028320412223051
0.03,0.020300691627212104
0.12,0.12029072509305279
0.48,0.4902590523411969
0.36,0.3602740083204893
0.02,0.020301047593978716
0.55,0.550251651916514
0.1,0.10029434543140416
0.07,0.07029673840281396
0.03,0.030299876439433087
0.24,0.23028570848445243
0.09,0.09029514308854075
2.61,2.6200858484837215
0.47,0.47026394511614134
0.07,0.07029673840281396
0.03,0.030300232406199702
0.05,0.05029785527457236
0.78,0.7802661467970361
0.09,0.09029423855668968
0.14,0.13029222077354888
0.57,0.560259519221278
0.06,0.050298246063875056
0.03,0.030300232406199702
0.05,0.05029833371708715
0.35,0.35027083822876337
1.2,1.2001913790042709
0.02,0.02030140356074533
0.24,0.2502824036976646
0.92,0.9202180076875022
0.59,0.5902472187974899
0.19,0.19028790133526866
0.85,0.8401376694417678
0.17,0.17028876183144798
0.79,0.790219028848467
0.77,0.7702379436174537
0.3,0.3002770499682582
1.51,1.5001805816567702
0.02,0.030300232406199702
0.11,0.12029072509305279
0.04,0.04029941721842068
0.03,0.030299876439433087
0.2,0.21028296279120284
1.54,1.5401680910417705
0.11,0.11029154028083181
1.15,1.1502109695307472
0.33,0.3302760979170597
0.16,0.16028924417576979
1.48,1.4701679450671712
0.03,0.03029992903136034
0.01,0.010301506814991122
0.02,0.010301506814991122
0.54,0.5402552800158898
0.02,0.02030072668849694
0.48,0.4902626641232927
0.02,0.020301047593978716
0.33,0.3302727549260159
0.29,0.28027981788918815
0.46,0.4602639721412578
0.01,0.010301862781757735
0.51,0.5102573696124603
0.75,0.7402396653092821
2.21,2.210107265204757
0.49,0.49026117061115415
0.1,0.10029235546861082
0.13,0.1302898750827377
0.08,0.08029594074567735
0.03,0.03029992903136034
0.01,0.01030152434563354
0.05,0.05029833371708715
0.04,0.04029941721842068
0.05,0.05029785527457236
0.24,0.25028151669645593
0.41,0.41026701500238916
1.07,1.070175824500161
0.03,0.020301047593978716
0.09,0.09029514308854075
0.15,0.14028909471749476
29.02,29.007752911094148
0.09,0.09029423855668968
0.06,0.07029732762185024
0.14,0.14028909471749476
0.01,0.01030152434563354
0.14,0.14028721041605346
0.04,0.030300588372966314
0.02,0.020300691627212104
0.05,0.04029906125165407
0.05,0.05029833371708715
0.22,0.2102846666710505
0.01,0.010301862781757735
0.2,0.2002856274578871
0.05,0.04029941721842068
1.05,1.0502312522783326
0.63,0.6302418918908462
0.19,0.18028651107737584
0.12,0.13028984026020163
0.17,0.18028971477827535
0.14,0.13029195245999436
0.17,0.18028651107737584
0.26,0.2502793808958563
0.08,0.08029594074567735
0.7,0.7102350221632534
5.46,5.469861298882388
0.38,0.38027237794493124
0.05,0.05029833371708715
0.03,0.030299876439433087
0.12,0.11029260818113165
0.15,0.15029035714572114
0.27,0.2702762221856235
0.1,0.10029338854637458
0.13,0.13029026587204037
0.36,0.36026159204759967
0.98,0.9802237999991449
0.02,0.02030072668849694
0.22,0.22028477354576498
0.01,0.01030152434563354
0.54,0.5402589441511643
0.22,0.21029050773837393
0.02,0.020301047593978716
0.1,0.10029235546861082
0.01,0.010301506814991122
0.08,0.09029388258992306
0.17,0.1702866491541577
4.02,4.019923440004676
0.01,0.01030152434563354
0.2,0.20028779808102287
0.24,0.24028272267353765
0.05,0.060297396053559965
0.05,0.050298246063875056
0.03,0.02030140356074533
0.37,0.3702593181702181
0.34,0.34027485711744193
0.53,0.5302604364499405
0.66,0.6602501601530438
0.54,0.5401733341575837
0.11,0.11029354777426756
0.17,0.170286258364855
0.02,0.020300691627212104
0.51,0.5102545567008635
1.85,1.8501635106661087
0.21,0.2102848122701081
1.46,1.4501783972254167
0.29,0.29027918994580876
0.17,0.17028963713342996
2.2,2.190109928896828
0.1,0.10029434543140416
2.09,2.0901101718805255
0.28,0.2902739146990683
3.71,3.7000224668026447
0.03,0.03029992903136034
0.08,0.08029594074567735
0.12,0.13029026587204037
0.27,0.2702766826199984
0.03,0.03029992903136034
7.23,7.229618240873037
0.04,0.030300232406199702
0.09,0.09029569724629222
0.05,0.05029833371708715
0.55,0.5502584508602573
0.07,0.07029673840281396
0.05,0.05029785527457236
1.12,1.1202053855978389
0.05,0.050298246063875056
0.02,0.02030072668849694
0.02,0.02030072668849694
0.22,0.2302798737260423
0.94,0.9402276212169257
0.23,0.23028339226225908
0.11,0.11029189624759841
0.21,0.22028075855889348
0.19,0.19028644264566613
0.03,0.03029992903136034
0.13,0.13028990990527375
0.15,0.1502911620863847
0.02,0.02030072668849694
0.92,0.9202333065170608
0.38,0.3802730898784645
0.02,0.02030072668849694
0.49,0.49025908811872804
0.51,0.50025743804417
0.01,0.010301506814991122
1.55,1.5501686821904155
0.14,0.14028909471749476
0.51,0.5102667589233671
1.62,1.6301688894729618
6.27,6.25983183654886
0.2,0.2102834938256449
4.34,4.329958603934121
1.24,1.240177287103437
12.21,12.209289336995008
5.58,5.579855220755191
0.05,0.05029833371708715
0.27,0.2702806330769672
0.1,0.10029434543140416
0.66,0.6602389337787046
0.03,0.030298773716597165
2.23,2.230124358471598
0.62,0.6302519634279198
0.09,0.10029377933567728
0.17,0.16029034689860572
0.14,0.13028990990527375
0.05,0.040299131374223744
1.51,1.5101741058232614
0.12,0.12029072509305279
0.07,0.07029673840281396
1.35,1.3501511500021919
1.44,1.4401778659326072
0.16,0.16028955948858456
0.03,0.020300691627212104
0.09,0.09029514308854075
0.81,0.8002318796879636
0.42,0.4302686579728028
0.04,0.04029941721842068
0.21,0.21028436329621114
0.08,0.090293847767387
0.04,0.04029906125165407
0.04,0.030299876439433087
6.59,6.599650340978443
1.11,1.1101958857295404
0.17,0.1702866491541577
0.02,0.010301506814991122
0.39,0.390265085710281
1.22,1.2202047263140412
0.27,0.27027874294411014
0.16,0.16028778548616723
0.14,0.13029195245999436
0.22,0.23027994337111443
0.2,0.2102848122701081
0.32,0.3202753088161786
0.16,0.1602896001425364
0.07,0.060297786842862654
0.01,0.010301506814991122
0.02,0.02030072668849694
0.03,0.03029992903136034
0.08,0.08029651243407122
0.05,0.05029860203064167
0.32,0.32027687828230267
0.23,0.23027994337111443
0.28,0.27028021916435513
0.32,0.32027324896956433
0.12,0.11029296414789826
0.29,0.29028081735777833
0.03,0.03029992903136034
1.58,1.5901486120444575
0.18,0.18028796417431137
0.03,0.03029992903136034
0.04,0.040299131374223744
0.02,0.02030072668849694
0.4,0.4002729831999092
1.08,1.0802034711708992
0.02,0.02030072668849694
0.41,0.4002680405578772
0.11,0.11029354777426756
0.27,0.260283618887882
0.28,0.2702766480362111
0.13,0.13028990990527375
0.29,0.3002727783670588
0.03,0.020300691627212104
0.03,0.03029992903136034
0.26,0.26028290695434875
0.02,0.020300691627212104
0.06,0.060298142809629265
0.03,0.03030094433973293
0.19,0.18028576432130655
0.51,0.5102534888005636
0.07,0.07029697165508363
0.13,0.12029070780115914
0.01,0.01030152434563354
0.24,0.2402826878510016
0.25,0.2502819074857586
0.07,0.08029398584416886
0.12,0.12029360764972177
0.02,0.010301506814991122
0.07,0.0702947662094118
0.71,0.7102353703886142
0.4,0.4002646264892686
0.19,0.19028521161566628
0.73,0.7302333492237535
1.47,1.4601739356717545
0.13,0.13029279246194275
2.65,2.650067593517062
0.74,0.7502225410987414
0.14,0.14028909471749476
0.1,0.10029271143537744
1.15,1.1502034951472484
0.04,0.030299876439433087
0.02,0.020300691627212104
0.02,0.010301862781757735
0.24,0.2502783129955564
0.46,0.4602672803097656
0.04,0.04029941721842068
0.04,0.040299131374223744
3.59,3.599978073318788
0.06,0.060297786842862654
0.02,0.010301862781757735
0.08,0.08029505374446869
0.21,0.22027997698028806
3.33,3.3200141918591077
0.01,0.010301506814991122
0.09,0.08029505374446869
0.09,0.09029569724629222
0.37,0.370272808688716
0.06,0.07029551296548109
0.47,0.47026483211735
0.07,0.07029673840281396
0.08,0.08029613917541095
0.35,0.34027197456077296
0.02,0.010301506814991122
0.02,0.02030072668849694
0.05,0.05029833371708715
0.22,0.22028399708232907
0.06,0.06029753605995054
0.06,0.06029753605995054
0.28,0.28027657936575257
0.11,0.1102911494915291
0.07,0.07029673840281396
0.47,0.460260056506825
0.09,0.09029514308854075
0.14,0.13029074455330392
0.02,0.02030072668849694
0.17,0.17028732626515486
0.23,0.23027994337111443
0.38,0.3902667958990419
0.22,0.21028623613717454
1.45,1.4501848295309516
0.09,0.1002941353024439
0.04,0.040299131374223744
0.56,0.550252259382439
1.65,1.6501523433157423
0.09,0.09029514308854075
0.4,0.4102687948362222
0.06,0.050298246063875056
0.01,0.01030152434563354
2.79,2.790013758939262
0.05,0.05030002589770813
0.02,0.02030072668849694
0.76,0.7602415130183426
0.02,0.02030072668849694
0.8,0.8002385094318423
0.29,0.2802758674322194
0.54,0.5502494988240207
0.38,0.380272273477323
5.12,5.119783975133108
0.02,0.02030072668849694
0.31,0.31027484573594877
0.24,0.24028339978453478
0.85,0.8402315017322654
1.93,1.930153996785681
0.13,0.13029195245999436
0.06,0.060297430876096035
1.11,1.1102119498735963
0.05,0.04029906125165407
0.08,0.08029398584416886
0.43,0.44026161723731094
0.06,0.07029658086578094
0.11,0.1102944228375008
0.02,0.02030072668849694
0.06,0.060297430876096035
0.27,0.2702766826199984
0.96,0.9602257469176566
0.14,0.14028919990134928
0.1,0.10029434543140416
0.25,0.2502783129955564
0.21,0.21028557120290156
0.16,0.16028746434193672
0.12,0.12029275011713095
0.3,0.30027839228867215
